Nacional	Comunidades y Ciudades Autónomas	Sexo	Edad	Total
Total		Ambos sexos	Todas las edades	3.941
Total		Ambos sexos	Menores de 15 años	14
Total		Ambos sexos	De 15 a 29 años	300
Total		Ambos sexos	De 30 a 39 años	411
Total		Ambos sexos	De 40 a 44 años	358
Total		Ambos sexos	De 45 a 49 años	396
Total		Ambos sexos	De 50 a 54 años	440
Total		Ambos sexos	De 55 a 59 años	414
Total		Ambos sexos	De 60 a 64 años	327
Total		Ambos sexos	De 65 a 69 años	245
Total		Ambos sexos	De 70 a 74 años	264
Total		Ambos sexos	De 75 a 79 años	224
Total		Ambos sexos	De 80 a 84 años	240
Total		Ambos sexos	De 85 a 89 años	185
Total		Ambos sexos	De 90 a 94 años	98
Total		Ambos sexos	De 95 años y más	25
Total		Hombres	Todas las edades	2.930
Total		Hombres	Menores de 15 años	7
Total		Hombres	De 15 a 29 años	227
Total		Hombres	De 30 a 39 años	313
Total		Hombres	De 40 a 44 años	275
Total		Hombres	De 45 a 49 años	301
Total		Hombres	De 50 a 54 años	323
Total		Hombres	De 55 a 59 años	277
Total		Hombres	De 60 a 64 años	239
Total		Hombres	De 65 a 69 años	186
Total		Hombres	De 70 a 74 años	192
Total		Hombres	De 75 a 79 años	162
Total		Hombres	De 80 a 84 años	184
Total		Hombres	De 85 a 89 años	146
Total		Hombres	De 90 a 94 años	77
Total		Hombres	De 95 años y más	21
Total		Mujeres	Todas las edades	1.011
Total		Mujeres	Menores de 15 años	7
Total		Mujeres	De 15 a 29 años	73
Total		Mujeres	De 30 a 39 años	98
Total		Mujeres	De 40 a 44 años	83
Total		Mujeres	De 45 a 49 años	95
Total		Mujeres	De 50 a 54 años	117
Total		Mujeres	De 55 a 59 años	137
Total		Mujeres	De 60 a 64 años	88
Total		Mujeres	De 65 a 69 años	59
Total		Mujeres	De 70 a 74 años	72
Total		Mujeres	De 75 a 79 años	62
Total		Mujeres	De 80 a 84 años	56
Total		Mujeres	De 85 a 89 años	39
Total		Mujeres	De 90 a 94 años	21
Total		Mujeres	De 95 años y más	4
Total	Andalucía	Ambos sexos	Todas las edades	793
Total	Andalucía	Ambos sexos	Menores de 15 años	2
Total	Andalucía	Ambos sexos	De 15 a 29 años	67
Total	Andalucía	Ambos sexos	De 30 a 39 años	72
Total	Andalucía	Ambos sexos	De 40 a 44 años	76
Total	Andalucía	Ambos sexos	De 45 a 49 años	80
Total	Andalucía	Ambos sexos	De 50 a 54 años	90
Total	Andalucía	Ambos sexos	De 55 a 59 años	87
Total	Andalucía	Ambos sexos	De 60 a 64 años	58
Total	Andalucía	Ambos sexos	De 65 a 69 años	52
Total	Andalucía	Ambos sexos	De 70 a 74 años	61
Total	Andalucía	Ambos sexos	De 75 a 79 años	50
Total	Andalucía	Ambos sexos	De 80 a 84 años	41
Total	Andalucía	Ambos sexos	De 85 a 89 años	40
Total	Andalucía	Ambos sexos	De 90 a 94 años	14
Total	Andalucía	Ambos sexos	De 95 años y más	3
Total	Andalucía	Hombres	Todas las edades	576
Total	Andalucía	Hombres	Menores de 15 años	0
Total	Andalucía	Hombres	De 15 a 29 años	48
Total	Andalucía	Hombres	De 30 a 39 años	59
Total	Andalucía	Hombres	De 40 a 44 años	57
Total	Andalucía	Hombres	De 45 a 49 años	59
Total	Andalucía	Hombres	De 50 a 54 años	65
Total	Andalucía	Hombres	De 55 a 59 años	50
Total	Andalucía	Hombres	De 60 a 64 años	44
Total	Andalucía	Hombres	De 65 a 69 años	38
Total	Andalucía	Hombres	De 70 a 74 años	47
Total	Andalucía	Hombres	De 75 a 79 años	35
Total	Andalucía	Hombres	De 80 a 84 años	31
Total	Andalucía	Hombres	De 85 a 89 años	30
Total	Andalucía	Hombres	De 90 a 94 años	11
Total	Andalucía	Hombres	De 95 años y más	2
Total	Andalucía	Mujeres	Todas las edades	217
Total	Andalucía	Mujeres	Menores de 15 años	2
Total	Andalucía	Mujeres	De 15 a 29 años	19
Total	Andalucía	Mujeres	De 30 a 39 años	13
Total	Andalucía	Mujeres	De 40 a 44 años	19
Total	Andalucía	Mujeres	De 45 a 49 años	21
Total	Andalucía	Mujeres	De 50 a 54 años	25
Total	Andalucía	Mujeres	De 55 a 59 años	37
Total	Andalucía	Mujeres	De 60 a 64 años	14
Total	Andalucía	Mujeres	De 65 a 69 años	14
Total	Andalucía	Mujeres	De 70 a 74 años	14
Total	Andalucía	Mujeres	De 75 a 79 años	15
Total	Andalucía	Mujeres	De 80 a 84 años	10
Total	Andalucía	Mujeres	De 85 a 89 años	10
Total	Andalucía	Mujeres	De 90 a 94 años	3
Total	Andalucía	Mujeres	De 95 años y más	1
Total	Aragón	Ambos sexos	Todas las edades	102
Total	Aragón	Ambos sexos	Menores de 15 años	1
Total	Aragón	Ambos sexos	De 15 a 29 años	11
Total	Aragón	Ambos sexos	De 30 a 39 años	14
Total	Aragón	Ambos sexos	De 40 a 44 años	11
Total	Aragón	Ambos sexos	De 45 a 49 años	6
Total	Aragón	Ambos sexos	De 50 a 54 años	9
Total	Aragón	Ambos sexos	De 55 a 59 años	10
Total	Aragón	Ambos sexos	De 60 a 64 años	7
Total	Aragón	Ambos sexos	De 65 a 69 años	3
Total	Aragón	Ambos sexos	De 70 a 74 años	4
Total	Aragón	Ambos sexos	De 75 a 79 años	7
Total	Aragón	Ambos sexos	De 80 a 84 años	4
Total	Aragón	Ambos sexos	De 85 a 89 años	10
Total	Aragón	Ambos sexos	De 90 a 94 años	3
Total	Aragón	Ambos sexos	De 95 años y más	2
Total	Aragón	Hombres	Todas las edades	69
Total	Aragón	Hombres	Menores de 15 años	1
Total	Aragón	Hombres	De 15 a 29 años	8
Total	Aragón	Hombres	De 30 a 39 años	10
Total	Aragón	Hombres	De 40 a 44 años	6
Total	Aragón	Hombres	De 45 a 49 años	3
Total	Aragón	Hombres	De 50 a 54 años	5
Total	Aragón	Hombres	De 55 a 59 años	6
Total	Aragón	Hombres	De 60 a 64 años	6
Total	Aragón	Hombres	De 65 a 69 años	1
Total	Aragón	Hombres	De 70 a 74 años	3
Total	Aragón	Hombres	De 75 a 79 años	5
Total	Aragón	Hombres	De 80 a 84 años	2
Total	Aragón	Hombres	De 85 a 89 años	9
Total	Aragón	Hombres	De 90 a 94 años	3
Total	Aragón	Hombres	De 95 años y más	1
Total	Aragón	Mujeres	Todas las edades	33
Total	Aragón	Mujeres	Menores de 15 años	0
Total	Aragón	Mujeres	De 15 a 29 años	3
Total	Aragón	Mujeres	De 30 a 39 años	4
Total	Aragón	Mujeres	De 40 a 44 años	5
Total	Aragón	Mujeres	De 45 a 49 años	3
Total	Aragón	Mujeres	De 50 a 54 años	4
Total	Aragón	Mujeres	De 55 a 59 años	4
Total	Aragón	Mujeres	De 60 a 64 años	1
Total	Aragón	Mujeres	De 65 a 69 años	2
Total	Aragón	Mujeres	De 70 a 74 años	1
Total	Aragón	Mujeres	De 75 a 79 años	2
Total	Aragón	Mujeres	De 80 a 84 años	2
Total	Aragón	Mujeres	De 85 a 89 años	1
Total	Aragón	Mujeres	De 90 a 94 años	0
Total	Aragón	Mujeres	De 95 años y más	1
Total	Asturias, Principado de	Ambos sexos	Todas las edades	122
Total	Asturias, Principado de	Ambos sexos	Menores de 15 años	0
Total	Asturias, Principado de	Ambos sexos	De 15 a 29 años	9
Total	Asturias, Principado de	Ambos sexos	De 30 a 39 años	8
Total	Asturias, Principado de	Ambos sexos	De 40 a 44 años	5
Total	Asturias, Principado de	Ambos sexos	De 45 a 49 años	13
Total	Asturias, Principado de	Ambos sexos	De 50 a 54 años	8
Total	Asturias, Principado de	Ambos sexos	De 55 a 59 años	12
Total	Asturias, Principado de	Ambos sexos	De 60 a 64 años	18
Total	Asturias, Principado de	Ambos sexos	De 65 a 69 años	8
Total	Asturias, Principado de	Ambos sexos	De 70 a 74 años	9
Total	Asturias, Principado de	Ambos sexos	De 75 a 79 años	5
Total	Asturias, Principado de	Ambos sexos	De 80 a 84 años	13
Total	Asturias, Principado de	Ambos sexos	De 85 a 89 años	11
Total	Asturias, Principado de	Ambos sexos	De 90 a 94 años	3
Total	Asturias, Principado de	Ambos sexos	De 95 años y más	0
Total	Asturias, Principado de	Hombres	Todas las edades	89
Total	Asturias, Principado de	Hombres	Menores de 15 años	0
Total	Asturias, Principado de	Hombres	De 15 a 29 años	4
Total	Asturias, Principado de	Hombres	De 30 a 39 años	5
Total	Asturias, Principado de	Hombres	De 40 a 44 años	2
Total	Asturias, Principado de	Hombres	De 45 a 49 años	9
Total	Asturias, Principado de	Hombres	De 50 a 54 años	6
Total	Asturias, Principado de	Hombres	De 55 a 59 años	9
Total	Asturias, Principado de	Hombres	De 60 a 64 años	13
Total	Asturias, Principado de	Hombres	De 65 a 69 años	6
Total	Asturias, Principado de	Hombres	De 70 a 74 años	8
Total	Asturias, Principado de	Hombres	De 75 a 79 años	4
Total	Asturias, Principado de	Hombres	De 80 a 84 años	12
Total	Asturias, Principado de	Hombres	De 85 a 89 años	8
Total	Asturias, Principado de	Hombres	De 90 a 94 años	3
Total	Asturias, Principado de	Hombres	De 95 años y más	0
Total	Asturias, Principado de	Mujeres	Todas las edades	33
Total	Asturias, Principado de	Mujeres	Menores de 15 años	0
Total	Asturias, Principado de	Mujeres	De 15 a 29 años	5
Total	Asturias, Principado de	Mujeres	De 30 a 39 años	3
Total	Asturias, Principado de	Mujeres	De 40 a 44 años	3
Total	Asturias, Principado de	Mujeres	De 45 a 49 años	4
Total	Asturias, Principado de	Mujeres	De 50 a 54 años	2
Total	Asturias, Principado de	Mujeres	De 55 a 59 años	3
Total	Asturias, Principado de	Mujeres	De 60 a 64 años	5
Total	Asturias, Principado de	Mujeres	De 65 a 69 años	2
Total	Asturias, Principado de	Mujeres	De 70 a 74 años	1
Total	Asturias, Principado de	Mujeres	De 75 a 79 años	1
Total	Asturias, Principado de	Mujeres	De 80 a 84 años	1
Total	Asturias, Principado de	Mujeres	De 85 a 89 años	3
Total	Asturias, Principado de	Mujeres	De 90 a 94 años	0
Total	Asturias, Principado de	Mujeres	De 95 años y más	0
Total	Balears, Illes	Ambos sexos	Todas las edades	87
Total	Balears, Illes	Ambos sexos	Menores de 15 años	0
Total	Balears, Illes	Ambos sexos	De 15 a 29 años	5
Total	Balears, Illes	Ambos sexos	De 30 a 39 años	14
Total	Balears, Illes	Ambos sexos	De 40 a 44 años	7
Total	Balears, Illes	Ambos sexos	De 45 a 49 años	9
Total	Balears, Illes	Ambos sexos	De 50 a 54 años	16
Total	Balears, Illes	Ambos sexos	De 55 a 59 años	5
Total	Balears, Illes	Ambos sexos	De 60 a 64 años	10
Total	Balears, Illes	Ambos sexos	De 65 a 69 años	4
Total	Balears, Illes	Ambos sexos	De 70 a 74 años	4
Total	Balears, Illes	Ambos sexos	De 75 a 79 años	4
Total	Balears, Illes	Ambos sexos	De 80 a 84 años	1
Total	Balears, Illes	Ambos sexos	De 85 a 89 años	7
Total	Balears, Illes	Ambos sexos	De 90 a 94 años	1
Total	Balears, Illes	Ambos sexos	De 95 años y más	0
Total	Balears, Illes	Hombres	Todas las edades	71
Total	Balears, Illes	Hombres	Menores de 15 años	0
Total	Balears, Illes	Hombres	De 15 a 29 años	4
Total	Balears, Illes	Hombres	De 30 a 39 años	12
Total	Balears, Illes	Hombres	De 40 a 44 años	6
Total	Balears, Illes	Hombres	De 45 a 49 años	8
Total	Balears, Illes	Hombres	De 50 a 54 años	13
Total	Balears, Illes	Hombres	De 55 a 59 años	3
Total	Balears, Illes	Hombres	De 60 a 64 años	8
Total	Balears, Illes	Hombres	De 65 a 69 años	4
Total	Balears, Illes	Hombres	De 70 a 74 años	3
Total	Balears, Illes	Hombres	De 75 a 79 años	3
Total	Balears, Illes	Hombres	De 80 a 84 años	1
Total	Balears, Illes	Hombres	De 85 a 89 años	5
Total	Balears, Illes	Hombres	De 90 a 94 años	1
Total	Balears, Illes	Hombres	De 95 años y más	0
Total	Balears, Illes	Mujeres	Todas las edades	16
Total	Balears, Illes	Mujeres	Menores de 15 años	0
Total	Balears, Illes	Mujeres	De 15 a 29 años	1
Total	Balears, Illes	Mujeres	De 30 a 39 años	2
Total	Balears, Illes	Mujeres	De 40 a 44 años	1
Total	Balears, Illes	Mujeres	De 45 a 49 años	1
Total	Balears, Illes	Mujeres	De 50 a 54 años	3
Total	Balears, Illes	Mujeres	De 55 a 59 años	2
Total	Balears, Illes	Mujeres	De 60 a 64 años	2
Total	Balears, Illes	Mujeres	De 65 a 69 años	0
Total	Balears, Illes	Mujeres	De 70 a 74 años	1
Total	Balears, Illes	Mujeres	De 75 a 79 años	1
Total	Balears, Illes	Mujeres	De 80 a 84 años	0
Total	Balears, Illes	Mujeres	De 85 a 89 años	2
Total	Balears, Illes	Mujeres	De 90 a 94 años	0
Total	Balears, Illes	Mujeres	De 95 años y más	0
Total	Canarias	Ambos sexos	Todas las edades	208
Total	Canarias	Ambos sexos	Menores de 15 años	1
Total	Canarias	Ambos sexos	De 15 a 29 años	13
Total	Canarias	Ambos sexos	De 30 a 39 años	29
Total	Canarias	Ambos sexos	De 40 a 44 años	22
Total	Canarias	Ambos sexos	De 45 a 49 años	20
Total	Canarias	Ambos sexos	De 50 a 54 años	24
Total	Canarias	Ambos sexos	De 55 a 59 años	33
Total	Canarias	Ambos sexos	De 60 a 64 años	13
Total	Canarias	Ambos sexos	De 65 a 69 años	11
Total	Canarias	Ambos sexos	De 70 a 74 años	17
Total	Canarias	Ambos sexos	De 75 a 79 años	9
Total	Canarias	Ambos sexos	De 80 a 84 años	9
Total	Canarias	Ambos sexos	De 85 a 89 años	6
Total	Canarias	Ambos sexos	De 90 a 94 años	0
Total	Canarias	Ambos sexos	De 95 años y más	1
Total	Canarias	Hombres	Todas las edades	159
Total	Canarias	Hombres	Menores de 15 años	0
Total	Canarias	Hombres	De 15 a 29 años	11
Total	Canarias	Hombres	De 30 a 39 años	24
Total	Canarias	Hombres	De 40 a 44 años	18
Total	Canarias	Hombres	De 45 a 49 años	17
Total	Canarias	Hombres	De 50 a 54 años	18
Total	Canarias	Hombres	De 55 a 59 años	26
Total	Canarias	Hombres	De 60 a 64 años	9
Total	Canarias	Hombres	De 65 a 69 años	6
Total	Canarias	Hombres	De 70 a 74 años	10
Total	Canarias	Hombres	De 75 a 79 años	7
Total	Canarias	Hombres	De 80 a 84 años	7
Total	Canarias	Hombres	De 85 a 89 años	5
Total	Canarias	Hombres	De 90 a 94 años	0
Total	Canarias	Hombres	De 95 años y más	1
Total	Canarias	Mujeres	Todas las edades	49
Total	Canarias	Mujeres	Menores de 15 años	1
Total	Canarias	Mujeres	De 15 a 29 años	2
Total	Canarias	Mujeres	De 30 a 39 años	5
Total	Canarias	Mujeres	De 40 a 44 años	4
Total	Canarias	Mujeres	De 45 a 49 años	3
Total	Canarias	Mujeres	De 50 a 54 años	6
Total	Canarias	Mujeres	De 55 a 59 años	7
Total	Canarias	Mujeres	De 60 a 64 años	4
Total	Canarias	Mujeres	De 65 a 69 años	5
Total	Canarias	Mujeres	De 70 a 74 años	7
Total	Canarias	Mujeres	De 75 a 79 años	2
Total	Canarias	Mujeres	De 80 a 84 años	2
Total	Canarias	Mujeres	De 85 a 89 años	1
Total	Canarias	Mujeres	De 90 a 94 años	0
Total	Canarias	Mujeres	De 95 años y más	0
Total	Cantabria	Ambos sexos	Todas las edades	46
Total	Cantabria	Ambos sexos	Menores de 15 años	0
Total	Cantabria	Ambos sexos	De 15 a 29 años	1
Total	Cantabria	Ambos sexos	De 30 a 39 años	3
Total	Cantabria	Ambos sexos	De 40 a 44 años	4
Total	Cantabria	Ambos sexos	De 45 a 49 años	3
Total	Cantabria	Ambos sexos	De 50 a 54 años	7
Total	Cantabria	Ambos sexos	De 55 a 59 años	5
Total	Cantabria	Ambos sexos	De 60 a 64 años	4
Total	Cantabria	Ambos sexos	De 65 a 69 años	2
Total	Cantabria	Ambos sexos	De 70 a 74 años	7
Total	Cantabria	Ambos sexos	De 75 a 79 años	2
Total	Cantabria	Ambos sexos	De 80 a 84 años	5
Total	Cantabria	Ambos sexos	De 85 a 89 años	1
Total	Cantabria	Ambos sexos	De 90 a 94 años	2
Total	Cantabria	Ambos sexos	De 95 años y más	0
Total	Cantabria	Hombres	Todas las edades	34
Total	Cantabria	Hombres	Menores de 15 años	0
Total	Cantabria	Hombres	De 15 a 29 años	0
Total	Cantabria	Hombres	De 30 a 39 años	2
Total	Cantabria	Hombres	De 40 a 44 años	4
Total	Cantabria	Hombres	De 45 a 49 años	1
Total	Cantabria	Hombres	De 50 a 54 años	6
Total	Cantabria	Hombres	De 55 a 59 años	5
Total	Cantabria	Hombres	De 60 a 64 años	2
Total	Cantabria	Hombres	De 65 a 69 años	1
Total	Cantabria	Hombres	De 70 a 74 años	5
Total	Cantabria	Hombres	De 75 a 79 años	2
Total	Cantabria	Hombres	De 80 a 84 años	3
Total	Cantabria	Hombres	De 85 a 89 años	1
Total	Cantabria	Hombres	De 90 a 94 años	2
Total	Cantabria	Hombres	De 95 años y más	0
Total	Cantabria	Mujeres	Todas las edades	12
Total	Cantabria	Mujeres	Menores de 15 años	0
Total	Cantabria	Mujeres	De 15 a 29 años	1
Total	Cantabria	Mujeres	De 30 a 39 años	1
Total	Cantabria	Mujeres	De 40 a 44 años	0
Total	Cantabria	Mujeres	De 45 a 49 años	2
Total	Cantabria	Mujeres	De 50 a 54 años	1
Total	Cantabria	Mujeres	De 55 a 59 años	0
Total	Cantabria	Mujeres	De 60 a 64 años	2
Total	Cantabria	Mujeres	De 65 a 69 años	1
Total	Cantabria	Mujeres	De 70 a 74 años	2
Total	Cantabria	Mujeres	De 75 a 79 años	0
Total	Cantabria	Mujeres	De 80 a 84 años	2
Total	Cantabria	Mujeres	De 85 a 89 años	0
Total	Cantabria	Mujeres	De 90 a 94 años	0
Total	Cantabria	Mujeres	De 95 años y más	0
Total	Castilla y León	Ambos sexos	Todas las edades	228
Total	Castilla y León	Ambos sexos	Menores de 15 años	0
Total	Castilla y León	Ambos sexos	De 15 a 29 años	11
Total	Castilla y León	Ambos sexos	De 30 a 39 años	13
Total	Castilla y León	Ambos sexos	De 40 a 44 años	16
Total	Castilla y León	Ambos sexos	De 45 a 49 años	28
Total	Castilla y León	Ambos sexos	De 50 a 54 años	18
Total	Castilla y León	Ambos sexos	De 55 a 59 años	22
Total	Castilla y León	Ambos sexos	De 60 a 64 años	17
Total	Castilla y León	Ambos sexos	De 65 a 69 años	25
Total	Castilla y León	Ambos sexos	De 70 a 74 años	22
Total	Castilla y León	Ambos sexos	De 75 a 79 años	14
Total	Castilla y León	Ambos sexos	De 80 a 84 años	17
Total	Castilla y León	Ambos sexos	De 85 a 89 años	15
Total	Castilla y León	Ambos sexos	De 90 a 94 años	9
Total	Castilla y León	Ambos sexos	De 95 años y más	1
Total	Castilla y León	Hombres	Todas las edades	177
Total	Castilla y León	Hombres	Menores de 15 años	0
Total	Castilla y León	Hombres	De 15 a 29 años	9
Total	Castilla y León	Hombres	De 30 a 39 años	9
Total	Castilla y León	Hombres	De 40 a 44 años	11
Total	Castilla y León	Hombres	De 45 a 49 años	21
Total	Castilla y León	Hombres	De 50 a 54 años	12
Total	Castilla y León	Hombres	De 55 a 59 años	18
Total	Castilla y León	Hombres	De 60 a 64 años	12
Total	Castilla y León	Hombres	De 65 a 69 años	25
Total	Castilla y León	Hombres	De 70 a 74 años	13
Total	Castilla y León	Hombres	De 75 a 79 años	10
Total	Castilla y León	Hombres	De 80 a 84 años	15
Total	Castilla y León	Hombres	De 85 a 89 años	13
Total	Castilla y León	Hombres	De 90 a 94 años	8
Total	Castilla y León	Hombres	De 95 años y más	1
Total	Castilla y León	Mujeres	Todas las edades	51
Total	Castilla y León	Mujeres	Menores de 15 años	0
Total	Castilla y León	Mujeres	De 15 a 29 años	2
Total	Castilla y León	Mujeres	De 30 a 39 años	4
Total	Castilla y León	Mujeres	De 40 a 44 años	5
Total	Castilla y León	Mujeres	De 45 a 49 años	7
Total	Castilla y León	Mujeres	De 50 a 54 años	6
Total	Castilla y León	Mujeres	De 55 a 59 años	4
Total	Castilla y León	Mujeres	De 60 a 64 años	5
Total	Castilla y León	Mujeres	De 65 a 69 años	0
Total	Castilla y León	Mujeres	De 70 a 74 años	9
Total	Castilla y León	Mujeres	De 75 a 79 años	4
Total	Castilla y León	Mujeres	De 80 a 84 años	2
Total	Castilla y León	Mujeres	De 85 a 89 años	2
Total	Castilla y León	Mujeres	De 90 a 94 años	1
Total	Castilla y León	Mujeres	De 95 años y más	0
Total	Castilla-La Mancha	Ambos sexos	Todas las edades	180
Total	Castilla-La Mancha	Ambos sexos	Menores de 15 años	0
Total	Castilla-La Mancha	Ambos sexos	De 15 a 29 años	20
Total	Castilla-La Mancha	Ambos sexos	De 30 a 39 años	13
Total	Castilla-La Mancha	Ambos sexos	De 40 a 44 años	15
Total	Castilla-La Mancha	Ambos sexos	De 45 a 49 años	17
Total	Castilla-La Mancha	Ambos sexos	De 50 a 54 años	21
Total	Castilla-La Mancha	Ambos sexos	De 55 a 59 años	20
Total	Castilla-La Mancha	Ambos sexos	De 60 a 64 años	10
Total	Castilla-La Mancha	Ambos sexos	De 65 a 69 años	10
Total	Castilla-La Mancha	Ambos sexos	De 70 a 74 años	10
Total	Castilla-La Mancha	Ambos sexos	De 75 a 79 años	11
Total	Castilla-La Mancha	Ambos sexos	De 80 a 84 años	15
Total	Castilla-La Mancha	Ambos sexos	De 85 a 89 años	7
Total	Castilla-La Mancha	Ambos sexos	De 90 a 94 años	8
Total	Castilla-La Mancha	Ambos sexos	De 95 años y más	3
Total	Castilla-La Mancha	Hombres	Todas las edades	147
Total	Castilla-La Mancha	Hombres	Menores de 15 años	0
Total	Castilla-La Mancha	Hombres	De 15 a 29 años	15
Total	Castilla-La Mancha	Hombres	De 30 a 39 años	10
Total	Castilla-La Mancha	Hombres	De 40 a 44 años	11
Total	Castilla-La Mancha	Hombres	De 45 a 49 años	13
Total	Castilla-La Mancha	Hombres	De 50 a 54 años	18
Total	Castilla-La Mancha	Hombres	De 55 a 59 años	17
Total	Castilla-La Mancha	Hombres	De 60 a 64 años	6
Total	Castilla-La Mancha	Hombres	De 65 a 69 años	10
Total	Castilla-La Mancha	Hombres	De 70 a 74 años	8
Total	Castilla-La Mancha	Hombres	De 75 a 79 años	9
Total	Castilla-La Mancha	Hombres	De 80 a 84 años	12
Total	Castilla-La Mancha	Hombres	De 85 a 89 años	7
Total	Castilla-La Mancha	Hombres	De 90 a 94 años	8
Total	Castilla-La Mancha	Hombres	De 95 años y más	3
Total	Castilla-La Mancha	Mujeres	Todas las edades	33
Total	Castilla-La Mancha	Mujeres	Menores de 15 años	0
Total	Castilla-La Mancha	Mujeres	De 15 a 29 años	5
Total	Castilla-La Mancha	Mujeres	De 30 a 39 años	3
Total	Castilla-La Mancha	Mujeres	De 40 a 44 años	4
Total	Castilla-La Mancha	Mujeres	De 45 a 49 años	4
Total	Castilla-La Mancha	Mujeres	De 50 a 54 años	3
Total	Castilla-La Mancha	Mujeres	De 55 a 59 años	3
Total	Castilla-La Mancha	Mujeres	De 60 a 64 años	4
Total	Castilla-La Mancha	Mujeres	De 65 a 69 años	0
Total	Castilla-La Mancha	Mujeres	De 70 a 74 años	2
Total	Castilla-La Mancha	Mujeres	De 75 a 79 años	2
Total	Castilla-La Mancha	Mujeres	De 80 a 84 años	3
Total	Castilla-La Mancha	Mujeres	De 85 a 89 años	0
Total	Castilla-La Mancha	Mujeres	De 90 a 94 años	0
Total	Castilla-La Mancha	Mujeres	De 95 años y más	0
Total	Cataluña	Ambos sexos	Todas las edades	556
Total	Cataluña	Ambos sexos	Menores de 15 años	2
Total	Cataluña	Ambos sexos	De 15 a 29 años	40
Total	Cataluña	Ambos sexos	De 30 a 39 años	67
Total	Cataluña	Ambos sexos	De 40 a 44 años	45
Total	Cataluña	Ambos sexos	De 45 a 49 años	57
Total	Cataluña	Ambos sexos	De 50 a 54 años	69
Total	Cataluña	Ambos sexos	De 55 a 59 años	56
Total	Cataluña	Ambos sexos	De 60 a 64 años	40
Total	Cataluña	Ambos sexos	De 65 a 69 años	32
Total	Cataluña	Ambos sexos	De 70 a 74 años	37
Total	Cataluña	Ambos sexos	De 75 a 79 años	33
Total	Cataluña	Ambos sexos	De 80 a 84 años	42
Total	Cataluña	Ambos sexos	De 85 a 89 años	17
Total	Cataluña	Ambos sexos	De 90 a 94 años	18
Total	Cataluña	Ambos sexos	De 95 años y más	1
Total	Cataluña	Hombres	Todas las edades	414
Total	Cataluña	Hombres	Menores de 15 años	0
Total	Cataluña	Hombres	De 15 a 29 años	26
Total	Cataluña	Hombres	De 30 a 39 años	49
Total	Cataluña	Hombres	De 40 a 44 años	34
Total	Cataluña	Hombres	De 45 a 49 años	46
Total	Cataluña	Hombres	De 50 a 54 años	52
Total	Cataluña	Hombres	De 55 a 59 años	38
Total	Cataluña	Hombres	De 60 a 64 años	29
Total	Cataluña	Hombres	De 65 a 69 años	22
Total	Cataluña	Hombres	De 70 a 74 años	28
Total	Cataluña	Hombres	De 75 a 79 años	28
Total	Cataluña	Hombres	De 80 a 84 años	34
Total	Cataluña	Hombres	De 85 a 89 años	14
Total	Cataluña	Hombres	De 90 a 94 años	13
Total	Cataluña	Hombres	De 95 años y más	1
Total	Cataluña	Mujeres	Todas las edades	142
Total	Cataluña	Mujeres	Menores de 15 años	2
Total	Cataluña	Mujeres	De 15 a 29 años	14
Total	Cataluña	Mujeres	De 30 a 39 años	18
Total	Cataluña	Mujeres	De 40 a 44 años	11
Total	Cataluña	Mujeres	De 45 a 49 años	11
Total	Cataluña	Mujeres	De 50 a 54 años	17
Total	Cataluña	Mujeres	De 55 a 59 años	18
Total	Cataluña	Mujeres	De 60 a 64 años	11
Total	Cataluña	Mujeres	De 65 a 69 años	10
Total	Cataluña	Mujeres	De 70 a 74 años	9
Total	Cataluña	Mujeres	De 75 a 79 años	5
Total	Cataluña	Mujeres	De 80 a 84 años	8
Total	Cataluña	Mujeres	De 85 a 89 años	3
Total	Cataluña	Mujeres	De 90 a 94 años	5
Total	Cataluña	Mujeres	De 95 años y más	0
Total	Comunitat Valenciana	Ambos sexos	Todas las edades	440
Total	Comunitat Valenciana	Ambos sexos	Menores de 15 años	1
Total	Comunitat Valenciana	Ambos sexos	De 15 a 29 años	32
Total	Comunitat Valenciana	Ambos sexos	De 30 a 39 años	57
Total	Comunitat Valenciana	Ambos sexos	De 40 a 44 años	45
Total	Comunitat Valenciana	Ambos sexos	De 45 a 49 años	37
Total	Comunitat Valenciana	Ambos sexos	De 50 a 54 años	53
Total	Comunitat Valenciana	Ambos sexos	De 55 a 59 años	41
Total	Comunitat Valenciana	Ambos sexos	De 60 a 64 años	43
Total	Comunitat Valenciana	Ambos sexos	De 65 a 69 años	25
Total	Comunitat Valenciana	Ambos sexos	De 70 a 74 años	19
Total	Comunitat Valenciana	Ambos sexos	De 75 a 79 años	29
Total	Comunitat Valenciana	Ambos sexos	De 80 a 84 años	25
Total	Comunitat Valenciana	Ambos sexos	De 85 a 89 años	21
Total	Comunitat Valenciana	Ambos sexos	De 90 a 94 años	7
Total	Comunitat Valenciana	Ambos sexos	De 95 años y más	5
Total	Comunitat Valenciana	Hombres	Todas las edades	317
Total	Comunitat Valenciana	Hombres	Menores de 15 años	0
Total	Comunitat Valenciana	Hombres	De 15 a 29 años	26
Total	Comunitat Valenciana	Hombres	De 30 a 39 años	44
Total	Comunitat Valenciana	Hombres	De 40 a 44 años	36
Total	Comunitat Valenciana	Hombres	De 45 a 49 años	29
Total	Comunitat Valenciana	Hombres	De 50 a 54 años	35
Total	Comunitat Valenciana	Hombres	De 55 a 59 años	22
Total	Comunitat Valenciana	Hombres	De 60 a 64 años	32
Total	Comunitat Valenciana	Hombres	De 65 a 69 años	16
Total	Comunitat Valenciana	Hombres	De 70 a 74 años	15
Total	Comunitat Valenciana	Hombres	De 75 a 79 años	18
Total	Comunitat Valenciana	Hombres	De 80 a 84 años	18
Total	Comunitat Valenciana	Hombres	De 85 a 89 años	17
Total	Comunitat Valenciana	Hombres	De 90 a 94 años	6
Total	Comunitat Valenciana	Hombres	De 95 años y más	3
Total	Comunitat Valenciana	Mujeres	Todas las edades	123
Total	Comunitat Valenciana	Mujeres	Menores de 15 años	1
Total	Comunitat Valenciana	Mujeres	De 15 a 29 años	6
Total	Comunitat Valenciana	Mujeres	De 30 a 39 años	13
Total	Comunitat Valenciana	Mujeres	De 40 a 44 años	9
Total	Comunitat Valenciana	Mujeres	De 45 a 49 años	8
Total	Comunitat Valenciana	Mujeres	De 50 a 54 años	18
Total	Comunitat Valenciana	Mujeres	De 55 a 59 años	19
Total	Comunitat Valenciana	Mujeres	De 60 a 64 años	11
Total	Comunitat Valenciana	Mujeres	De 65 a 69 años	9
Total	Comunitat Valenciana	Mujeres	De 70 a 74 años	4
Total	Comunitat Valenciana	Mujeres	De 75 a 79 años	11
Total	Comunitat Valenciana	Mujeres	De 80 a 84 años	7
Total	Comunitat Valenciana	Mujeres	De 85 a 89 años	4
Total	Comunitat Valenciana	Mujeres	De 90 a 94 años	1
Total	Comunitat Valenciana	Mujeres	De 95 años y más	2
Total	Extremadura	Ambos sexos	Todas las edades	92
Total	Extremadura	Ambos sexos	Menores de 15 años	0
Total	Extremadura	Ambos sexos	De 15 a 29 años	9
Total	Extremadura	Ambos sexos	De 30 a 39 años	8
Total	Extremadura	Ambos sexos	De 40 a 44 años	5
Total	Extremadura	Ambos sexos	De 45 a 49 años	11
Total	Extremadura	Ambos sexos	De 50 a 54 años	9
Total	Extremadura	Ambos sexos	De 55 a 59 años	7
Total	Extremadura	Ambos sexos	De 60 a 64 años	5
Total	Extremadura	Ambos sexos	De 65 a 69 años	4
Total	Extremadura	Ambos sexos	De 70 a 74 años	12
Total	Extremadura	Ambos sexos	De 75 a 79 años	7
Total	Extremadura	Ambos sexos	De 80 a 84 años	5
Total	Extremadura	Ambos sexos	De 85 a 89 años	8
Total	Extremadura	Ambos sexos	De 90 a 94 años	2
Total	Extremadura	Ambos sexos	De 95 años y más	0
Total	Extremadura	Hombres	Todas las edades	79
Total	Extremadura	Hombres	Menores de 15 años	0
Total	Extremadura	Hombres	De 15 a 29 años	9
Total	Extremadura	Hombres	De 30 a 39 años	5
Total	Extremadura	Hombres	De 40 a 44 años	5
Total	Extremadura	Hombres	De 45 a 49 años	10
Total	Extremadura	Hombres	De 50 a 54 años	9
Total	Extremadura	Hombres	De 55 a 59 años	6
Total	Extremadura	Hombres	De 60 a 64 años	5
Total	Extremadura	Hombres	De 65 a 69 años	4
Total	Extremadura	Hombres	De 70 a 74 años	9
Total	Extremadura	Hombres	De 75 a 79 años	5
Total	Extremadura	Hombres	De 80 a 84 años	3
Total	Extremadura	Hombres	De 85 a 89 años	7
Total	Extremadura	Hombres	De 90 a 94 años	2
Total	Extremadura	Hombres	De 95 años y más	0
Total	Extremadura	Mujeres	Todas las edades	13
Total	Extremadura	Mujeres	Menores de 15 años	0
Total	Extremadura	Mujeres	De 15 a 29 años	0
Total	Extremadura	Mujeres	De 30 a 39 años	3
Total	Extremadura	Mujeres	De 40 a 44 años	0
Total	Extremadura	Mujeres	De 45 a 49 años	1
Total	Extremadura	Mujeres	De 50 a 54 años	0
Total	Extremadura	Mujeres	De 55 a 59 años	1
Total	Extremadura	Mujeres	De 60 a 64 años	0
Total	Extremadura	Mujeres	De 65 a 69 años	0
Total	Extremadura	Mujeres	De 70 a 74 años	3
Total	Extremadura	Mujeres	De 75 a 79 años	2
Total	Extremadura	Mujeres	De 80 a 84 años	2
Total	Extremadura	Mujeres	De 85 a 89 años	1
Total	Extremadura	Mujeres	De 90 a 94 años	0
Total	Extremadura	Mujeres	De 95 años y más	0
Total	Galicia	Ambos sexos	Todas las edades	305
Total	Galicia	Ambos sexos	Menores de 15 años	1
Total	Galicia	Ambos sexos	De 15 a 29 años	14
Total	Galicia	Ambos sexos	De 30 a 39 años	21
Total	Galicia	Ambos sexos	De 40 a 44 años	26
Total	Galicia	Ambos sexos	De 45 a 49 años	33
Total	Galicia	Ambos sexos	De 50 a 54 años	40
Total	Galicia	Ambos sexos	De 55 a 59 años	30
Total	Galicia	Ambos sexos	De 60 a 64 años	32
Total	Galicia	Ambos sexos	De 65 a 69 años	21
Total	Galicia	Ambos sexos	De 70 a 74 años	19
Total	Galicia	Ambos sexos	De 75 a 79 años	14
Total	Galicia	Ambos sexos	De 80 a 84 años	34
Total	Galicia	Ambos sexos	De 85 a 89 años	12
Total	Galicia	Ambos sexos	De 90 a 94 años	6
Total	Galicia	Ambos sexos	De 95 años y más	2
Total	Galicia	Hombres	Todas las edades	219
Total	Galicia	Hombres	Menores de 15 años	1
Total	Galicia	Hombres	De 15 a 29 años	11
Total	Galicia	Hombres	De 30 a 39 años	17
Total	Galicia	Hombres	De 40 a 44 años	18
Total	Galicia	Hombres	De 45 a 49 años	24
Total	Galicia	Hombres	De 50 a 54 años	31
Total	Galicia	Hombres	De 55 a 59 años	19
Total	Galicia	Hombres	De 60 a 64 años	22
Total	Galicia	Hombres	De 65 a 69 años	16
Total	Galicia	Hombres	De 70 a 74 años	13
Total	Galicia	Hombres	De 75 a 79 años	9
Total	Galicia	Hombres	De 80 a 84 años	24
Total	Galicia	Hombres	De 85 a 89 años	8
Total	Galicia	Hombres	De 90 a 94 años	4
Total	Galicia	Hombres	De 95 años y más	2
Total	Galicia	Mujeres	Todas las edades	86
Total	Galicia	Mujeres	Menores de 15 años	0
Total	Galicia	Mujeres	De 15 a 29 años	3
Total	Galicia	Mujeres	De 30 a 39 años	4
Total	Galicia	Mujeres	De 40 a 44 años	8
Total	Galicia	Mujeres	De 45 a 49 años	9
Total	Galicia	Mujeres	De 50 a 54 años	9
Total	Galicia	Mujeres	De 55 a 59 años	11
Total	Galicia	Mujeres	De 60 a 64 años	10
Total	Galicia	Mujeres	De 65 a 69 años	5
Total	Galicia	Mujeres	De 70 a 74 años	6
Total	Galicia	Mujeres	De 75 a 79 años	5
Total	Galicia	Mujeres	De 80 a 84 años	10
Total	Galicia	Mujeres	De 85 a 89 años	4
Total	Galicia	Mujeres	De 90 a 94 años	2
Total	Galicia	Mujeres	De 95 años y más	0
Total	Madrid, Comunidad de	Ambos sexos	Todas las edades	373
Total	Madrid, Comunidad de	Ambos sexos	Menores de 15 años	2
Total	Madrid, Comunidad de	Ambos sexos	De 15 a 29 años	37
Total	Madrid, Comunidad de	Ambos sexos	De 30 a 39 años	48
Total	Madrid, Comunidad de	Ambos sexos	De 40 a 44 años	35
Total	Madrid, Comunidad de	Ambos sexos	De 45 a 49 años	37
Total	Madrid, Comunidad de	Ambos sexos	De 50 a 54 años	42
Total	Madrid, Comunidad de	Ambos sexos	De 55 a 59 años	43
Total	Madrid, Comunidad de	Ambos sexos	De 60 a 64 años	36
Total	Madrid, Comunidad de	Ambos sexos	De 65 a 69 años	12
Total	Madrid, Comunidad de	Ambos sexos	De 70 a 74 años	26
Total	Madrid, Comunidad de	Ambos sexos	De 75 a 79 años	16
Total	Madrid, Comunidad de	Ambos sexos	De 80 a 84 años	13
Total	Madrid, Comunidad de	Ambos sexos	De 85 a 89 años	10
Total	Madrid, Comunidad de	Ambos sexos	De 90 a 94 años	12
Total	Madrid, Comunidad de	Ambos sexos	De 95 años y más	4
Total	Madrid, Comunidad de	Hombres	Todas las edades	258
Total	Madrid, Comunidad de	Hombres	Menores de 15 años	1
Total	Madrid, Comunidad de	Hombres	De 15 a 29 años	32
Total	Madrid, Comunidad de	Hombres	De 30 a 39 años	32
Total	Madrid, Comunidad de	Hombres	De 40 a 44 años	27
Total	Madrid, Comunidad de	Hombres	De 45 a 49 años	27
Total	Madrid, Comunidad de	Hombres	De 50 a 54 años	28
Total	Madrid, Comunidad de	Hombres	De 55 a 59 años	27
Total	Madrid, Comunidad de	Hombres	De 60 a 64 años	22
Total	Madrid, Comunidad de	Hombres	De 65 a 69 años	7
Total	Madrid, Comunidad de	Hombres	De 70 a 74 años	19
Total	Madrid, Comunidad de	Hombres	De 75 a 79 años	10
Total	Madrid, Comunidad de	Hombres	De 80 a 84 años	9
Total	Madrid, Comunidad de	Hombres	De 85 a 89 años	5
Total	Madrid, Comunidad de	Hombres	De 90 a 94 años	8
Total	Madrid, Comunidad de	Hombres	De 95 años y más	4
Total	Madrid, Comunidad de	Mujeres	Todas las edades	115
Total	Madrid, Comunidad de	Mujeres	Menores de 15 años	1
Total	Madrid, Comunidad de	Mujeres	De 15 a 29 años	5
Total	Madrid, Comunidad de	Mujeres	De 30 a 39 años	16
Total	Madrid, Comunidad de	Mujeres	De 40 a 44 años	8
Total	Madrid, Comunidad de	Mujeres	De 45 a 49 años	10
Total	Madrid, Comunidad de	Mujeres	De 50 a 54 años	14
Total	Madrid, Comunidad de	Mujeres	De 55 a 59 años	16
Total	Madrid, Comunidad de	Mujeres	De 60 a 64 años	14
Total	Madrid, Comunidad de	Mujeres	De 65 a 69 años	5
Total	Madrid, Comunidad de	Mujeres	De 70 a 74 años	7
Total	Madrid, Comunidad de	Mujeres	De 75 a 79 años	6
Total	Madrid, Comunidad de	Mujeres	De 80 a 84 años	4
Total	Madrid, Comunidad de	Mujeres	De 85 a 89 años	5
Total	Madrid, Comunidad de	Mujeres	De 90 a 94 años	4
Total	Madrid, Comunidad de	Mujeres	De 95 años y más	0
Total	Murcia, Región de	Ambos sexos	Todas las edades	122
Total	Murcia, Región de	Ambos sexos	Menores de 15 años	1
Total	Murcia, Región de	Ambos sexos	De 15 a 29 años	10
Total	Murcia, Región de	Ambos sexos	De 30 a 39 años	17
Total	Murcia, Región de	Ambos sexos	De 40 a 44 años	11
Total	Murcia, Región de	Ambos sexos	De 45 a 49 años	13
Total	Murcia, Región de	Ambos sexos	De 50 a 54 años	8
Total	Murcia, Región de	Ambos sexos	De 55 a 59 años	12
Total	Murcia, Región de	Ambos sexos	De 60 a 64 años	12
Total	Murcia, Región de	Ambos sexos	De 65 a 69 años	11
Total	Murcia, Región de	Ambos sexos	De 70 a 74 años	6
Total	Murcia, Región de	Ambos sexos	De 75 a 79 años	4
Total	Murcia, Región de	Ambos sexos	De 80 a 84 años	4
Total	Murcia, Región de	Ambos sexos	De 85 a 89 años	6
Total	Murcia, Región de	Ambos sexos	De 90 a 94 años	4
Total	Murcia, Región de	Ambos sexos	De 95 años y más	3
Total	Murcia, Región de	Hombres	Todas las edades	101
Total	Murcia, Región de	Hombres	Menores de 15 años	1
Total	Murcia, Región de	Hombres	De 15 a 29 años	10
Total	Murcia, Región de	Hombres	De 30 a 39 años	11
Total	Murcia, Región de	Hombres	De 40 a 44 años	11
Total	Murcia, Región de	Hombres	De 45 a 49 años	8
Total	Murcia, Región de	Hombres	De 50 a 54 años	8
Total	Murcia, Región de	Hombres	De 55 a 59 años	8
Total	Murcia, Región de	Hombres	De 60 a 64 años	11
Total	Murcia, Región de	Hombres	De 65 a 69 años	11
Total	Murcia, Región de	Hombres	De 70 a 74 años	5
Total	Murcia, Región de	Hombres	De 75 a 79 años	4
Total	Murcia, Región de	Hombres	De 80 a 84 años	3
Total	Murcia, Región de	Hombres	De 85 a 89 años	5
Total	Murcia, Región de	Hombres	De 90 a 94 años	2
Total	Murcia, Región de	Hombres	De 95 años y más	3
Total	Murcia, Región de	Mujeres	Todas las edades	21
Total	Murcia, Región de	Mujeres	Menores de 15 años	0
Total	Murcia, Región de	Mujeres	De 15 a 29 años	0
Total	Murcia, Región de	Mujeres	De 30 a 39 años	6
Total	Murcia, Región de	Mujeres	De 40 a 44 años	0
Total	Murcia, Región de	Mujeres	De 45 a 49 años	5
Total	Murcia, Región de	Mujeres	De 50 a 54 años	0
Total	Murcia, Región de	Mujeres	De 55 a 59 años	4
Total	Murcia, Región de	Mujeres	De 60 a 64 años	1
Total	Murcia, Región de	Mujeres	De 65 a 69 años	0
Total	Murcia, Región de	Mujeres	De 70 a 74 años	1
Total	Murcia, Región de	Mujeres	De 75 a 79 años	0
Total	Murcia, Región de	Mujeres	De 80 a 84 años	1
Total	Murcia, Región de	Mujeres	De 85 a 89 años	1
Total	Murcia, Región de	Mujeres	De 90 a 94 años	2
Total	Murcia, Región de	Mujeres	De 95 años y más	0
Total	Navarra, Comunidad Foral de	Ambos sexos	Todas las edades	44
Total	Navarra, Comunidad Foral de	Ambos sexos	Menores de 15 años	1
Total	Navarra, Comunidad Foral de	Ambos sexos	De 15 a 29 años	5
Total	Navarra, Comunidad Foral de	Ambos sexos	De 30 a 39 años	5
Total	Navarra, Comunidad Foral de	Ambos sexos	De 40 a 44 años	7
Total	Navarra, Comunidad Foral de	Ambos sexos	De 45 a 49 años	4
Total	Navarra, Comunidad Foral de	Ambos sexos	De 50 a 54 años	3
Total	Navarra, Comunidad Foral de	Ambos sexos	De 55 a 59 años	7
Total	Navarra, Comunidad Foral de	Ambos sexos	De 60 a 64 años	6
Total	Navarra, Comunidad Foral de	Ambos sexos	De 65 a 69 años	3
Total	Navarra, Comunidad Foral de	Ambos sexos	De 70 a 74 años	1
Total	Navarra, Comunidad Foral de	Ambos sexos	De 75 a 79 años	1
Total	Navarra, Comunidad Foral de	Ambos sexos	De 80 a 84 años	0
Total	Navarra, Comunidad Foral de	Ambos sexos	De 85 a 89 años	0
Total	Navarra, Comunidad Foral de	Ambos sexos	De 90 a 94 años	1
Total	Navarra, Comunidad Foral de	Ambos sexos	De 95 años y más	0
Total	Navarra, Comunidad Foral de	Hombres	Todas las edades	32
Total	Navarra, Comunidad Foral de	Hombres	Menores de 15 años	1
Total	Navarra, Comunidad Foral de	Hombres	De 15 a 29 años	2
Total	Navarra, Comunidad Foral de	Hombres	De 30 a 39 años	5
Total	Navarra, Comunidad Foral de	Hombres	De 40 a 44 años	4
Total	Navarra, Comunidad Foral de	Hombres	De 45 a 49 años	3
Total	Navarra, Comunidad Foral de	Hombres	De 50 a 54 años	3
Total	Navarra, Comunidad Foral de	Hombres	De 55 a 59 años	6
Total	Navarra, Comunidad Foral de	Hombres	De 60 a 64 años	4
Total	Navarra, Comunidad Foral de	Hombres	De 65 a 69 años	1
Total	Navarra, Comunidad Foral de	Hombres	De 70 a 74 años	1
Total	Navarra, Comunidad Foral de	Hombres	De 75 a 79 años	1
Total	Navarra, Comunidad Foral de	Hombres	De 80 a 84 años	0
Total	Navarra, Comunidad Foral de	Hombres	De 85 a 89 años	0
Total	Navarra, Comunidad Foral de	Hombres	De 90 a 94 años	1
Total	Navarra, Comunidad Foral de	Hombres	De 95 años y más	0
Total	Navarra, Comunidad Foral de	Mujeres	Todas las edades	12
Total	Navarra, Comunidad Foral de	Mujeres	Menores de 15 años	0
Total	Navarra, Comunidad Foral de	Mujeres	De 15 a 29 años	3
Total	Navarra, Comunidad Foral de	Mujeres	De 30 a 39 años	0
Total	Navarra, Comunidad Foral de	Mujeres	De 40 a 44 años	3
Total	Navarra, Comunidad Foral de	Mujeres	De 45 a 49 años	1
Total	Navarra, Comunidad Foral de	Mujeres	De 50 a 54 años	0
Total	Navarra, Comunidad Foral de	Mujeres	De 55 a 59 años	1
Total	Navarra, Comunidad Foral de	Mujeres	De 60 a 64 años	2
Total	Navarra, Comunidad Foral de	Mujeres	De 65 a 69 años	2
Total	Navarra, Comunidad Foral de	Mujeres	De 70 a 74 años	0
Total	Navarra, Comunidad Foral de	Mujeres	De 75 a 79 años	0
Total	Navarra, Comunidad Foral de	Mujeres	De 80 a 84 años	0
Total	Navarra, Comunidad Foral de	Mujeres	De 85 a 89 años	0
Total	Navarra, Comunidad Foral de	Mujeres	De 90 a 94 años	0
Total	Navarra, Comunidad Foral de	Mujeres	De 95 años y más	0
Total	País Vasco	Ambos sexos	Todas las edades	179
Total	País Vasco	Ambos sexos	Menores de 15 años	1
Total	País Vasco	Ambos sexos	De 15 a 29 años	8
Total	País Vasco	Ambos sexos	De 30 a 39 años	12
Total	País Vasco	Ambos sexos	De 40 a 44 años	16
Total	País Vasco	Ambos sexos	De 45 a 49 años	24
Total	País Vasco	Ambos sexos	De 50 a 54 años	18
Total	País Vasco	Ambos sexos	De 55 a 59 años	17
Total	País Vasco	Ambos sexos	De 60 a 64 años	13
Total	País Vasco	Ambos sexos	De 65 a 69 años	16
Total	País Vasco	Ambos sexos	De 70 a 74 años	10
Total	País Vasco	Ambos sexos	De 75 a 79 años	17
Total	País Vasco	Ambos sexos	De 80 a 84 años	9
Total	País Vasco	Ambos sexos	De 85 a 89 años	12
Total	País Vasco	Ambos sexos	De 90 a 94 años	6
Total	País Vasco	Ambos sexos	De 95 años y más	0
Total	País Vasco	Hombres	Todas las edades	135
Total	País Vasco	Hombres	Menores de 15 años	1
Total	País Vasco	Hombres	De 15 a 29 años	6
Total	País Vasco	Hombres	De 30 a 39 años	12
Total	País Vasco	Hombres	De 40 a 44 años	13
Total	País Vasco	Hombres	De 45 a 49 años	19
Total	País Vasco	Hombres	De 50 a 54 años	9
Total	País Vasco	Hombres	De 55 a 59 años	12
Total	País Vasco	Hombres	De 60 a 64 años	12
Total	País Vasco	Hombres	De 65 a 69 años	12
Total	País Vasco	Hombres	De 70 a 74 años	5
Total	País Vasco	Hombres	De 75 a 79 años	12
Total	País Vasco	Hombres	De 80 a 84 años	8
Total	País Vasco	Hombres	De 85 a 89 años	10
Total	País Vasco	Hombres	De 90 a 94 años	4
Total	País Vasco	Hombres	De 95 años y más	0
Total	País Vasco	Mujeres	Todas las edades	44
Total	País Vasco	Mujeres	Menores de 15 años	0
Total	País Vasco	Mujeres	De 15 a 29 años	2
Total	País Vasco	Mujeres	De 30 a 39 años	0
Total	País Vasco	Mujeres	De 40 a 44 años	3
Total	País Vasco	Mujeres	De 45 a 49 años	5
Total	País Vasco	Mujeres	De 50 a 54 años	9
Total	País Vasco	Mujeres	De 55 a 59 años	5
Total	País Vasco	Mujeres	De 60 a 64 años	1
Total	País Vasco	Mujeres	De 65 a 69 años	4
Total	País Vasco	Mujeres	De 70 a 74 años	5
Total	País Vasco	Mujeres	De 75 a 79 años	5
Total	País Vasco	Mujeres	De 80 a 84 años	1
Total	País Vasco	Mujeres	De 85 a 89 años	2
Total	País Vasco	Mujeres	De 90 a 94 años	2
Total	País Vasco	Mujeres	De 95 años y más	0
Total	Rioja, La	Ambos sexos	Todas las edades	29
Total	Rioja, La	Ambos sexos	Menores de 15 años	0
Total	Rioja, La	Ambos sexos	De 15 a 29 años	1
Total	Rioja, La	Ambos sexos	De 30 a 39 años	4
Total	Rioja, La	Ambos sexos	De 40 a 44 años	5
Total	Rioja, La	Ambos sexos	De 45 a 49 años	0
Total	Rioja, La	Ambos sexos	De 50 a 54 años	2
Total	Rioja, La	Ambos sexos	De 55 a 59 años	5
Total	Rioja, La	Ambos sexos	De 60 a 64 años	1
Total	Rioja, La	Ambos sexos	De 65 a 69 años	3
Total	Rioja, La	Ambos sexos	De 70 a 74 años	0
Total	Rioja, La	Ambos sexos	De 75 a 79 años	1
Total	Rioja, La	Ambos sexos	De 80 a 84 años	3
Total	Rioja, La	Ambos sexos	De 85 a 89 años	2
Total	Rioja, La	Ambos sexos	De 90 a 94 años	2
Total	Rioja, La	Ambos sexos	De 95 años y más	0
Total	Rioja, La	Hombres	Todas las edades	21
Total	Rioja, La	Hombres	Menores de 15 años	0
Total	Rioja, La	Hombres	De 15 a 29 años	1
Total	Rioja, La	Hombres	De 30 a 39 años	2
Total	Rioja, La	Hombres	De 40 a 44 años	5
Total	Rioja, La	Hombres	De 45 a 49 años	0
Total	Rioja, La	Hombres	De 50 a 54 años	2
Total	Rioja, La	Hombres	De 55 a 59 años	3
Total	Rioja, La	Hombres	De 60 a 64 años	0
Total	Rioja, La	Hombres	De 65 a 69 años	3
Total	Rioja, La	Hombres	De 70 a 74 años	0
Total	Rioja, La	Hombres	De 75 a 79 años	0
Total	Rioja, La	Hombres	De 80 a 84 años	2
Total	Rioja, La	Hombres	De 85 a 89 años	2
Total	Rioja, La	Hombres	De 90 a 94 años	1
Total	Rioja, La	Hombres	De 95 años y más	0
Total	Rioja, La	Mujeres	Todas las edades	8
Total	Rioja, La	Mujeres	Menores de 15 años	0
Total	Rioja, La	Mujeres	De 15 a 29 años	0
Total	Rioja, La	Mujeres	De 30 a 39 años	2
Total	Rioja, La	Mujeres	De 40 a 44 años	0
Total	Rioja, La	Mujeres	De 45 a 49 años	0
Total	Rioja, La	Mujeres	De 50 a 54 años	0
Total	Rioja, La	Mujeres	De 55 a 59 años	2
Total	Rioja, La	Mujeres	De 60 a 64 años	1
Total	Rioja, La	Mujeres	De 65 a 69 años	0
Total	Rioja, La	Mujeres	De 70 a 74 años	0
Total	Rioja, La	Mujeres	De 75 a 79 años	1
Total	Rioja, La	Mujeres	De 80 a 84 años	1
Total	Rioja, La	Mujeres	De 85 a 89 años	0
Total	Rioja, La	Mujeres	De 90 a 94 años	1
Total	Rioja, La	Mujeres	De 95 años y más	0
Total	Ceuta	Ambos sexos	Todas las edades	4
Total	Ceuta	Ambos sexos	Menores de 15 años	0
Total	Ceuta	Ambos sexos	De 15 a 29 años	0
Total	Ceuta	Ambos sexos	De 30 a 39 años	0
Total	Ceuta	Ambos sexos	De 40 a 44 años	1
Total	Ceuta	Ambos sexos	De 45 a 49 años	0
Total	Ceuta	Ambos sexos	De 50 a 54 años	0
Total	Ceuta	Ambos sexos	De 55 a 59 años	1
Total	Ceuta	Ambos sexos	De 60 a 64 años	1
Total	Ceuta	Ambos sexos	De 65 a 69 años	1
Total	Ceuta	Ambos sexos	De 70 a 74 años	0
Total	Ceuta	Ambos sexos	De 75 a 79 años	0
Total	Ceuta	Ambos sexos	De 80 a 84 años	0
Total	Ceuta	Ambos sexos	De 85 a 89 años	0
Total	Ceuta	Ambos sexos	De 90 a 94 años	0
Total	Ceuta	Ambos sexos	De 95 años y más	0
Total	Ceuta	Hombres	Todas las edades	4
Total	Ceuta	Hombres	Menores de 15 años	0
Total	Ceuta	Hombres	De 15 a 29 años	0
Total	Ceuta	Hombres	De 30 a 39 años	0
Total	Ceuta	Hombres	De 40 a 44 años	1
Total	Ceuta	Hombres	De 45 a 49 años	0
Total	Ceuta	Hombres	De 50 a 54 años	0
Total	Ceuta	Hombres	De 55 a 59 años	1
Total	Ceuta	Hombres	De 60 a 64 años	1
Total	Ceuta	Hombres	De 65 a 69 años	1
Total	Ceuta	Hombres	De 70 a 74 años	0
Total	Ceuta	Hombres	De 75 a 79 años	0
Total	Ceuta	Hombres	De 80 a 84 años	0
Total	Ceuta	Hombres	De 85 a 89 años	0
Total	Ceuta	Hombres	De 90 a 94 años	0
Total	Ceuta	Hombres	De 95 años y más	0
Total	Ceuta	Mujeres	Todas las edades	0
Total	Ceuta	Mujeres	Menores de 15 años	0
Total	Ceuta	Mujeres	De 15 a 29 años	0
Total	Ceuta	Mujeres	De 30 a 39 años	0
Total	Ceuta	Mujeres	De 40 a 44 años	0
Total	Ceuta	Mujeres	De 45 a 49 años	0
Total	Ceuta	Mujeres	De 50 a 54 años	0
Total	Ceuta	Mujeres	De 55 a 59 años	0
Total	Ceuta	Mujeres	De 60 a 64 años	0
Total	Ceuta	Mujeres	De 65 a 69 años	0
Total	Ceuta	Mujeres	De 70 a 74 años	0
Total	Ceuta	Mujeres	De 75 a 79 años	0
Total	Ceuta	Mujeres	De 80 a 84 años	0
Total	Ceuta	Mujeres	De 85 a 89 años	0
Total	Ceuta	Mujeres	De 90 a 94 años	0
Total	Ceuta	Mujeres	De 95 años y más	0
Total	Melilla	Ambos sexos	Todas las edades	4
Total	Melilla	Ambos sexos	Menores de 15 años	0
Total	Melilla	Ambos sexos	De 15 a 29 años	2
Total	Melilla	Ambos sexos	De 30 a 39 años	0
Total	Melilla	Ambos sexos	De 40 a 44 años	0
Total	Melilla	Ambos sexos	De 45 a 49 años	0
Total	Melilla	Ambos sexos	De 50 a 54 años	0
Total	Melilla	Ambos sexos	De 55 a 59 años	1
Total	Melilla	Ambos sexos	De 60 a 64 años	0
Total	Melilla	Ambos sexos	De 65 a 69 años	1
Total	Melilla	Ambos sexos	De 70 a 74 años	0
Total	Melilla	Ambos sexos	De 75 a 79 años	0
Total	Melilla	Ambos sexos	De 80 a 84 años	0
Total	Melilla	Ambos sexos	De 85 a 89 años	0
Total	Melilla	Ambos sexos	De 90 a 94 años	0
Total	Melilla	Ambos sexos	De 95 años y más	0
Total	Melilla	Hombres	Todas las edades	3
Total	Melilla	Hombres	Menores de 15 años	0
Total	Melilla	Hombres	De 15 a 29 años	1
Total	Melilla	Hombres	De 30 a 39 años	0
Total	Melilla	Hombres	De 40 a 44 años	0
Total	Melilla	Hombres	De 45 a 49 años	0
Total	Melilla	Hombres	De 50 a 54 años	0
Total	Melilla	Hombres	De 55 a 59 años	1
Total	Melilla	Hombres	De 60 a 64 años	0
Total	Melilla	Hombres	De 65 a 69 años	1
Total	Melilla	Hombres	De 70 a 74 años	0
Total	Melilla	Hombres	De 75 a 79 años	0
Total	Melilla	Hombres	De 80 a 84 años	0
Total	Melilla	Hombres	De 85 a 89 años	0
Total	Melilla	Hombres	De 90 a 94 años	0
Total	Melilla	Hombres	De 95 años y más	0
Total	Melilla	Mujeres	Todas las edades	1
Total	Melilla	Mujeres	Menores de 15 años	0
Total	Melilla	Mujeres	De 15 a 29 años	1
Total	Melilla	Mujeres	De 30 a 39 años	0
Total	Melilla	Mujeres	De 40 a 44 años	0
Total	Melilla	Mujeres	De 45 a 49 años	0
Total	Melilla	Mujeres	De 50 a 54 años	0
Total	Melilla	Mujeres	De 55 a 59 años	0
Total	Melilla	Mujeres	De 60 a 64 años	0
Total	Melilla	Mujeres	De 65 a 69 años	0
Total	Melilla	Mujeres	De 70 a 74 años	0
Total	Melilla	Mujeres	De 75 a 79 años	0
Total	Melilla	Mujeres	De 80 a 84 años	0
Total	Melilla	Mujeres	De 85 a 89 años	0
Total	Melilla	Mujeres	De 90 a 94 años	0
Total	Melilla	Mujeres	De 95 años y más	0
Extranjero		Ambos sexos	Todas las edades	27
Extranjero		Ambos sexos	Menores de 15 años	1
Extranjero		Ambos sexos	De 15 a 29 años	5
Extranjero		Ambos sexos	De 30 a 39 años	6
Extranjero		Ambos sexos	De 40 a 44 años	6
Extranjero		Ambos sexos	De 45 a 49 años	4
Extranjero		Ambos sexos	De 50 a 54 años	3
Extranjero		Ambos sexos	De 55 a 59 años	0
Extranjero		Ambos sexos	De 60 a 64 años	1
Extranjero		Ambos sexos	De 65 a 69 años	1
Extranjero		Ambos sexos	De 70 a 74 años	0
Extranjero		Ambos sexos	De 75 a 79 años	0
Extranjero		Ambos sexos	De 80 a 84 años	0
Extranjero		Ambos sexos	De 85 a 89 años	0
Extranjero		Ambos sexos	De 90 a 94 años	0
Extranjero		Ambos sexos	De 95 años y más	0
Extranjero		Hombres	Todas las edades	25
Extranjero		Hombres	Menores de 15 años	1
Extranjero		Hombres	De 15 a 29 años	4
Extranjero		Hombres	De 30 a 39 años	5
Extranjero		Hombres	De 40 a 44 años	6
Extranjero		Hombres	De 45 a 49 años	4
Extranjero		Hombres	De 50 a 54 años	3
Extranjero		Hombres	De 55 a 59 años	0
Extranjero		Hombres	De 60 a 64 años	1
Extranjero		Hombres	De 65 a 69 años	1
Extranjero		Hombres	De 70 a 74 años	0
Extranjero		Hombres	De 75 a 79 años	0
Extranjero		Hombres	De 80 a 84 años	0
Extranjero		Hombres	De 85 a 89 años	0
Extranjero		Hombres	De 90 a 94 años	0
Extranjero		Hombres	De 95 años y más	0
Extranjero		Mujeres	Todas las edades	2
Extranjero		Mujeres	Menores de 15 años	0
Extranjero		Mujeres	De 15 a 29 años	1
Extranjero		Mujeres	De 30 a 39 años	1
Extranjero		Mujeres	De 40 a 44 años	0
Extranjero		Mujeres	De 45 a 49 años	0
Extranjero		Mujeres	De 50 a 54 años	0
Extranjero		Mujeres	De 55 a 59 años	0
Extranjero		Mujeres	De 60 a 64 años	0
Extranjero		Mujeres	De 65 a 69 años	0
Extranjero		Mujeres	De 70 a 74 años	0
Extranjero		Mujeres	De 75 a 79 años	0
Extranjero		Mujeres	De 80 a 84 años	0
Extranjero		Mujeres	De 85 a 89 años	0
Extranjero		Mujeres	De 90 a 94 años	0
Extranjero		Mujeres	De 95 años y más	0
